{"cameraMode":{"drawMode":0,"name":"Shaded","section":"Shading Mode"},"sceneLighting":true,"audioPlay":false,"sceneViewState":{"m_AlwaysRefresh":false,"showFog":true,"showSkybox":true,"showFlares":true,"showImageEffects":true,"showParticleSystems":true,"showVisualEffectGraphs":true,"m_FxEnabled":true},"in2DMode":false,"pivot":{"x":11.369999885559082,"y":0.7799999713897705,"z":38.099998474121097},"rotation":{"x":-0.00461217574775219,"y":-0.9766024351119995,"z":0.2146010547876358,"w":-0.01988566294312477},"size":1.5698602199554444,"orthographic":false}