{"cameraMode":{"drawMode":0,"name":"Shaded","section":"Shading Mode"},"sceneLighting":true,"audioPlay":false,"sceneViewState":{"m_AlwaysRefresh":false,"showFog":true,"showSkybox":true,"showFlares":true,"showImageEffects":true,"showParticleSystems":true,"showVisualEffectGraphs":true,"m_FxEnabled":true},"in2DMode":false,"pivot":{"x":-14.566132545471192,"y":11.073570251464844,"z":984.2213134765625},"rotation":{"x":-0.02730088122189045,"y":0.020088613033294679,"z":-0.0005485267611220479,"w":-0.9994294047355652},"size":570.4730834960938,"orthographic":false}